{
  "client": "Thunder Client",
  "collectionName": "Legal Advisor API Tests",
  "dateExported": "2024-01-01T00:00:00.000Z",
  "version": "1.1",
  "folders": [
    {
      "name": "1. Health & Test Endpoints",
      "items": [
        {
          "name": "Health Check",
          "request": {
            "method": "GET",
            "url": "http://localhost:8080/api/test/health",
            "headers": []
          }
        },
        {
          "name": "Public Test Endpoint",
          "request": {
            "method": "GET",
            "url": "http://localhost:8080/api/test/public",
            "headers": []
          }
        },
        {
          "name": "User Test Endpoint (Requires Auth)",
          "request": {
            "method": "GET",
            "url": "http://localhost:8080/api/test/user",
            "headers": [
              {
                "name": "Authorization",
                "value": "Bearer {{jwt_token}}"
              }
            ]
          }
        },
        {
          "name": "Admin Test Endpoint (Requires Admin)",
          "request": {
            "method": "GET",
            "url": "http://localhost:8080/api/test/admin",
            "headers": [
              {
                "name": "Authorization",
                "value": "Bearer {{jwt_token}}"
              }
            ]
          }
        }
      ]
    },
    {
      "name": "2. Authentication",
      "items": [
        {
          "name": "User Registration",
          "request": {
            "method": "POST",
            "url": "http://localhost:8080/api/auth/signup",
            "headers": [
              {
                "name": "Content-Type",
                "value": "application/json"
              }
            ],
            "body": {
              "mode": "json",
              "raw": "{\n  \"username\": \"testuser\",\n  \"email\": \"testuser@example.com\",\n  \"password\": \"password123\",\n  \"roles\": [\"user\"],\n  \"fullName\": \"Test User\"\n}"
            }
          }
        },
        {
          "name": "Company Registration",
          "request": {
            "method": "POST",
            "url": "http://localhost:8080/api/auth/signup",
            "headers": [
              {
                "name": "Content-Type",
                "value": "application/json"
              }
            ],
            "body": {
              "mode": "json",
              "raw": "{\n  \"username\": \"testcompany\",\n  \"email\": \"testcompany@example.com\",\n  \"password\": \"password123\",\n  \"roles\": [\"company\"],\n  \"fullName\": \"Test Company Ltd\"\n}"
            }
          }
        },
        {
          "name": "Admin Registration",
          "request": {
            "method": "POST",
            "url": "http://localhost:8080/api/auth/signup",
            "headers": [
              {
                "name": "Content-Type",
                "value": "application/json"
              }
            ],
            "body": {
              "mode": "json",
              "raw": "{\n  \"username\": \"admin\",\n  \"email\": \"admin@example.com\",\n  \"password\": \"admin123\",\n  \"roles\": [\"admin\"],\n  \"fullName\": \"System Administrator\"\n}"
            }
          }
        },
        {
          "name": "User Login",
          "request": {
            "method": "POST",
            "url": "http://localhost:8080/api/auth/login",
            "headers": [
              {
                "name": "Content-Type",
                "value": "application/json"
              }
            ],
            "body": {
              "mode": "json",
              "raw": "{\n  \"username\": \"testuser\",\n  \"password\": \"password123\"\n}"
            }
          }
        },
        {
          "name": "Refresh Token",
          "request": {
            "method": "POST",
            "url": "http://localhost:8080/api/auth/refresh",
            "headers": [
              {
                "name": "Content-Type",
                "value": "application/json"
              }
            ],
            "body": {
              "mode": "json",
              "raw": "{\n  \"refreshToken\": \"{{refresh_token}}\"\n}"
            }
          }
        },
        {
          "name": "Logout",
          "request": {
            "method": "POST",
            "url": "http://localhost:8080/api/auth/logout",
            "headers": [
              {
                "name": "Content-Type",
                "value": "application/json"
              }
            ],
            "body": {
              "mode": "json",
              "raw": "{\n  \"refreshToken\": \"{{refresh_token}}\"\n}"
            }
          }
        }
      ]
    },

    {
      "name": "3. AI Services",
      "items": [
        {
          "name": "AI Service Status",
          "request": {
            "method": "GET",
            "url": "http://localhost:8080/api/ai/status",
            "headers": []
          }
        },
        {
          "name": "Generate Agreement - NDA",
          "request": {
            "method": "POST",
            "url": "http://localhost:8080/api/ai/generate?type=NDA&partyA=Company%20A&partyB=Company%20B",
            "headers": [
              {
                "name": "Content-Type",
                "value": "text/plain"
              }
            ],
            "body": {
              "mode": "raw",
              "raw": "Confidential information sharing agreement between Company A and Company B for project collaboration."
            }
          }
        },
        {
          "name": "Generate Agreement - Employment Contract",
          "request": {
            "method": "POST",
            "url": "http://localhost:8080/api/ai/generate?type=Employment%20Contract&partyA=Tech%20Corp&partyB=John%20Doe",
            "headers": [
              {
                "name": "Content-Type",
                "value": "text/plain"
              }
            ],
            "body": {
              "mode": "raw",
              "raw": "Full-time employment contract for software developer position with annual salary and benefits."
            }
          }
        },
        {
          "name": "Generate Agreement - Service Agreement",
          "request": {
            "method": "POST",
            "url": "http://localhost:8080/api/ai/generate?type=Service%20Agreement&partyA=Client%20Inc&partyB=Service%20Provider%20LLC",
            "headers": [
              {
                "name": "Content-Type",
                "value": "text/plain"
              }
            ],
            "body": {
              "mode": "raw",
              "raw": "IT consulting services agreement for website development and maintenance."
            }
          }
        },
        {
          "name": "Analyze Document",
          "request": {
            "method": "POST",
            "url": "http://localhost:8080/api/ai/analyze",
            "headers": [
              {
                "name": "Content-Type",
                "value": "text/plain"
              }
            ],
            "body": {
              "mode": "raw",
              "raw": "This is a sample legal document that needs to be analyzed for potential issues, compliance requirements, and legal implications. The document contains various clauses and terms that should be reviewed carefully."
            }
          }
        }
      ]
    },
    {
      "name": "4. View Controllers (HTML Pages)",
      "items": [
        {
          "name": "Login Page",
          "request": {
            "method": "GET",
            "url": "http://localhost:8080/",
            "headers": []
          }
        },
        {
          "name": "Signup Page",
          "request": {
            "method": "GET",
            "url": "http://localhost:8080/signup",
            "headers": []
          }
        },
        {
          "name": "Dashboard Page",
          "request": {
            "method": "GET",
            "url": "http://localhost:8080/dashboard",
            "headers": []
          }
        },

      ]
    }
  ],
  "environments": [
    {
      "name": "Local Development",
      "data": [
        {
          "name": "base_url",
          "value": "http://localhost:8080"
        },
        {
          "name": "jwt_token",
          "value": ""
        },
        {
          "name": "refresh_token",
          "value": ""
        }
      ]
    }
  ]
}
